difficulty	time_ms	duration_ms	lane	confidence	review_priority	beat_alignment	quantization_shift_ms	source	evidence	reason
expert	65477.3	0	1	0.342547	0.676062	0.014169	16	high	DSP	low confidence, weak beat alignment, single-source evidence
expert	138160	0	2	0.378865	0.666095	0.00630873	16	high	DSP	low confidence, weak beat alignment, single-source evidence
expert	3674.67	0	1	0.398768	0.661523	0.0296607	16	mid	DSP	low confidence, weak beat alignment, single-source evidence
expert	74757.3	0	1	0.34434	0.661056	0.105244	16	high	DSP	low confidence, weak beat alignment, single-source evidence
expert	142573	0	2	0.358231	0.659536	0.0578719	13.3333	mid	DSP	low confidence, weak beat alignment, single-source evidence
expert	85269.3	0	1	0.341675	0.659273	0.00101269	10.6667	high	DSP	low confidence, weak beat alignment, single-source evidence
expert	140944	0	2	0.41053	0.653131	0.00101269	16	mid	DSP	low confidence, weak beat alignment, single-source evidence
expert	24640	0	1	0.374882	0.651291	0.00261811	-10.6667	high	DSP	low confidence, weak beat alignment, single-source evidence
expert	141027	0	1	0.387386	0.645703	0.0578719	13.3333	mid	DSP	low confidence, weak beat alignment, single-source evidence
expert	45600	0	1	0.34703	0.641959	0.105244	-10.6667	high	DSP	low confidence, weak beat alignment, single-source evidence
expert	154677	0	1	0.356361	0.641753	0.105244	-10.6667	mid	DSP	low confidence, weak beat alignment, single-source evidence
expert	151083	0	2	0.413172	0.64166	0.178389	21.3333	mid	DSP	low confidence, weak beat alignment, single-source evidence, large timing snap
expert	142181	0	1	0.43318	0.641581	0.00630873	16	mid	DSP	low confidence, weak beat alignment, single-source evidence
expert	82176	0	2	0.378925	0.640589	0.00261811	10.6667	high	DSP	low confidence, weak beat alignment, single-source evidence
expert	122373	0	1	0.352376	0.640517	0.00101269	-5.33333	high	DSP	low confidence, weak beat alignment, single-source evidence
expert	91450.7	0	2	0.355941	0.640166	0.00261811	5.33333	high	DSP	low confidence, weak beat alignment, single-source evidence
expert	19696	0	2	0.361418	0.639233	0.00101269	5.33333	high	DSP	low confidence, weak beat alignment, single-source evidence
expert	12581.3	0	0	0.362553	0.638699	0.00101269	-5.33333	low	DSP	low confidence, weak beat alignment, single-source evidence
expert	4528	0	2	0.375382	0.638191	1.12168e-05	5.33333	mid	DSP	low confidence, weak beat alignment, single-source evidence
expert	175568	0	2	0.360878	0.638162	0.00101269	-5.33333	mid	DSP	low confidence, weak beat alignment, single-source evidence
expert	163835	0	2	0.440928	0.638084	0.00101269	16	mid	DSP	low confidence, weak beat alignment, single-source evidence
expert	140448	0	1	0.42644	0.637455	0.178389	-21.3333	mid	DSP	low confidence, weak beat alignment, single-source evidence, large timing snap
expert	138469	0	2	0.36179	0.636637	0.000365098	5.33333	mid	DSP	low confidence, weak beat alignment, single-source evidence
expert	75354.7	0	1	0.349948	0.63592	0.00101269	-5.33333	high	DSP	low confidence, weak beat alignment, single-source evidence
expert	10640	0	0	0.431925	0.635844	0.0578719	-16	low	DSP	low confidence, weak beat alignment, single-source evidence
expert	139387	0	1	0.365975	0.635721	0.00101269	5.33333	mid	DSP	low confidence, weak beat alignment, single-source evidence
expert	131653	0	2	0.36525	0.634887	0.00101269	5.33333	high	DSP	low confidence, weak beat alignment, single-source evidence
expert	161979	0	2	0.446183	0.634766	0.00630873	16	mid	DSP	low confidence, weak beat alignment, single-source evidence
expert	110000	0	1	0.371154	0.634397	0.00101269	-5.33333	high	DSP	low confidence, weak beat alignment, single-source evidence
expert	177424	0	1	0.368967	0.63433	0.00101269	-5.33333	mid	DSP	low confidence, weak beat alignment, single-source evidence
expert	11962.7	0	2	0.372044	0.634238	0.00101269	-5.33333	low	DSP	low confidence, weak beat alignment, single-source evidence
expert	98256	0	1	0.363692	0.634192	0.000365098	5.33333	high	DSP	low confidence, weak beat alignment, single-source evidence
expert	18381.3	0	3	0.359906	0.633573	0.105244	-8	high	DSP	low confidence, weak beat alignment, single-source evidence
expert	56186.7	0	1	0.369131	0.632822	0.00101269	-5.33333	high	DSP	low confidence, weak beat alignment, single-source evidence
expert	59058.7	0	2	0.356715	0.632331	0.105244	8	high	DSP	low confidence, weak beat alignment, single-source evidence
expert	10720	0	2	0.420158	0.630883	0.00101269	-10.6667	low	DSP	low confidence, weak beat alignment, single-source evidence
expert	47525.3	0	2	0.363371	0.630813	0.00101269	-5.33333	high	DSP	low confidence, weak beat alignment, single-source evidence
expert	87418.7	0	1	0.361176	0.630363	0.00101269	-5.33333	high	DSP	low confidence, weak beat alignment, single-source evidence
expert	67930.7	0	2	0.36226	0.629827	0.00101269	-5.33333	high	DSP	low confidence, weak beat alignment, single-source evidence
expert	159195	0	0	0.458566	0.629702	0.00101269	16	low	DSP	low confidence, weak beat alignment, single-source evidence
expert	47834.7	0	2	0.367912	0.628585	0.00101269	-5.33333	high	DSP	low confidence, weak beat alignment, single-source evidence
expert	97018.7	0	1	0.375591	0.628367	0.00101269	5.33333	high	DSP	low confidence, weak beat alignment, single-source evidence
expert	141883	0	1	0.43373	0.626032	0.105244	16	mid	DSP	low confidence, weak beat alignment, single-source evidence
expert	128581	0	2	0.430449	0.625538	0.105244	16	high	DSP	low confidence, weak beat alignment, single-source evidence
expert	134824	0	1	0.354703	0.625451	0.281829	-13.3333	high	DSP	low confidence, weak beat alignment, single-source evidence
expert	160112	0	2	0.386586	0.62539	0.00101269	5.33333	high	DSP	low confidence, weak beat alignment, single-source evidence
expert	168763	0	0	0.388116	0.625259	0.00101269	-5.33333	mid	DSP	low confidence, weak beat alignment, single-source evidence
expert	826.667	0	1	0.39391	0.62522	0.0296607	-5.33333	mid	DSP	low confidence, weak beat alignment, single-source evidence
expert	40653.3	0	1	0.376648	0.625105	0.0578719	-8	high	DSP	low confidence, weak beat alignment, single-source evidence
expert	16293.3	0	1	0.393218	0.624286	0.00101269	5.33333	mid	DSP	low confidence, weak beat alignment, single-source evidence
expert	84954.7	0	1	0.373956	0.624038	0.00101269	5.33333	high	DSP	low confidence, weak beat alignment, single-source evidence
expert	166304	0	1	0.433092	0.622649	0.000365098	10.6667	mid	DSP	low confidence, weak beat alignment, single-source evidence
expert	84032	0	1	0.41542	0.622527	0.00261811	10.6667	high	DSP	low confidence, weak beat alignment, single-source evidence
expert	162587	0	1	0.393619	0.622048	0.00101269	5.33333	mid	DSP	low confidence, weak beat alignment, single-source evidence
expert	147989	0	2	0.45889	0.622021	0.178389	21.3333	mid	DSP	low confidence, weak beat alignment, single-source evidence, large timing snap
expert	135365	0	2	0.395381	0.620515	0.00101269	5.33333	high	DSP	low confidence, weak beat alignment, single-source evidence
expert	91146.7	0	2	0.438784	0.620409	0.00101269	10.6667	high	DSP	low confidence, weak beat alignment, single-source evidence
expert	45984	0	1	0.346292	0.620034	0.000365098	0	high	DSP	low confidence, weak beat alignment, single-source evidence
expert	176496	0	0	0.399793	0.619728	0.00101269	-5.33333	low	DSP	low confidence, weak beat alignment, single-source evidence
expert	45056	0	1	0.346816	0.619677	0.00101269	0	high	DSP	low confidence, weak beat alignment, single-source evidence
expert	90832	0	2	0.399823	0.619616	0.00101269	5.33333	high	DSP	low confidence, weak beat alignment, single-source evidence
expert	15597.3	0	2	0.390191	0.619308	0.105244	-8	mid	DSP	low confidence, weak beat alignment, single-source evidence
expert	13818.7	0	0	0.404535	0.618967	0.00101269	-5.33333	low	DSP	low confidence, weak beat alignment, single-source evidence
expert	141547	0	1	0.362578	0.618071	0.00101269	0	mid	DSP	low confidence, weak beat alignment, single-source evidence
expert	52789.3	0	2	0.362133	0.617855	0.00101269	5.09317e-11	high	DSP	low confidence, weak beat alignment, single-source evidence
expert	170000	0	1	0.404209	0.617637	0.00101269	-5.33333	mid	DSP	low confidence, weak beat alignment, single-source evidence
expert	43818.7	0	0	0.351276	0.617589	0.000365098	0	high	DSP	low confidence, weak beat alignment, single-source evidence
expert	83722.7	0	2	0.428222	0.616442	0.00101269	10.6667	high	DSP	low confidence, weak beat alignment, single-source evidence
expert	94858.7	0	2	0.441158	0.615825	0.00261811	10.6667	high	DSP	low confidence, weak beat alignment, single-source evidence
expert	97941.3	0	1	0.362967	0.615182	0.00101269	0	high	DSP	low confidence, weak beat alignment, single-source evidence
expert	120523	0	2	0.368137	0.613817	0.000365098	-1.45519e-11	high	DSP	low confidence, weak beat alignment, single-source evidence
expert	135685	0	1	0.409905	0.613687	0.000365098	5.33333	high	DSP	low confidence, weak beat alignment, single-source evidence
expert	161419	0	1	0.361708	0.613259	0.281829	-10.6667	mid	DSP	low confidence, weak beat alignment, single-source evidence
expert	51242.7	0	0	0.372135	0.613204	0.000365098	5.09317e-11	high	DSP	low confidence, weak beat alignment, single-source evidence
expert	159504	0	2	0.493512	0.612272	0.00630873	16	high	DSP	low confidence, weak beat alignment, single-source evidence
expert	152373	0	1	0.374153	0.610891	0.000365098	-2.91038e-11	mid	DSP	low confidence, weak beat alignment, single-source evidence
expert	150592	0	2	0.365434	0.610547	0.0296607	0	mid	DSP	low confidence, weak beat alignment, single-source evidence
expert	67400	0	1	0.365023	0.61054	0.178389	8	high	DSP	low confidence, weak beat alignment, single-source evidence
expert	178123	0	1	0.369433	0.610438	0.0296607	0	high	DSP	low confidence, weak beat alignment, single-source evidence
expert	42581.3	0	2	0.366249	0.610242	0.000365098	7.27596e-12	high	DSP	low confidence, weak beat alignment, single-source evidence
expert	176187	0	1	0.421134	0.609619	0.00101269	-5.33333	mid	DSP	low confidence, weak beat alignment, single-source evidence
expert	131035	0	2	0.419381	0.609068	0.00101269	-5.33333	high	DSP	low confidence, weak beat alignment, single-source evidence
expert	49386.7	0	1	0.368704	0.608937	0.00101269	3.63798e-11	high	DSP	low confidence, weak beat alignment, single-source evidence
expert	156160	0	0	0.381812	0.607225	0.000365098	0	mid	DSP	low confidence, weak beat alignment, single-source evidence
expert	35546.7	0	2	0.368957	0.606928	0.178389	-5.33333	high	DSP	low confidence, weak beat alignment, single-source evidence
expert	145339	0	1	0.428918	0.6059	0.00101269	-5.33333	mid	DSP	low confidence, weak beat alignment, single-source evidence
expert	126091	0	2	0.386138	0.605105	0.00101269	-1.45519e-11	high	DSP	low confidence, weak beat alignment, single-source evidence
expert	11885.3	0	0	0.420428	0.605066	0.105244	-8	low	DSP	low confidence, weak beat alignment, single-source evidence
expert	165365	0	2	0.389337	0.604923	0.000365098	0	mid	DSP	low confidence, weak beat alignment, single-source evidence
expert	28666.7	0	2	0.433233	0.604755	0.00101269	5.33333	high	DSP	low confidence, weak beat alignment, single-source evidence
expert	157107	0	2	0.356511	0.604726	0.281829	8	mid	DSP	low confidence, weak beat alignment, single-source evidence
expert	92378.7	0	2	0.43313	0.60383	0.00101269	5.33333	high	DSP	low confidence, weak beat alignment, single-source evidence
expert	45138.7	0	2	0.346903	0.603712	0.414998	-13.3333	high	DSP	low confidence, weak beat alignment, single-source evidence
expert	160819	0	1	0.361627	0.603539	0.281829	8	mid	DSP	low confidence, weak beat alignment, single-source evidence
expert	146424	0	1	0.357252	0.602955	0.178389	2.66667	mid	DSP	low confidence, weak beat alignment, single-source evidence
expert	34920	0	1	0.405666	0.602392	0.281829	-13.3333	high	DSP	low confidence, weak beat alignment, single-source evidence
expert	6762.67	0	2	0.381767	0.602226	0.0578719	0	mid	DSP	low confidence, weak beat alignment, single-source evidence
expert	68626.7	0	2	0.344096	0.601691	0.178389	-2.66667	high	DSP	low confidence, weak beat alignment, single-source evidence
expert	145963	0	2	0.379254	0.601412	0.0578719	0	mid	DSP	low confidence, weak beat alignment, single-source evidence
expert	167840	0	1	0.396894	0.601232	0.00101269	0	mid	DSP	low confidence, weak beat alignment, single-source evidence
expert	174021	0	0	0.439409	0.600962	0.00101269	-5.33333	low	DSP	low confidence, weak beat alignment, single-source evidence
expert	45757.3	0	1	0.352578	0.600497	0.414998	-13.3333	high	DSP	low confidence, weak beat alignment, single-source evidence
expert	155469	0	1	0.359188	0.600251	0.178389	2.66667	mid	DSP	low confidence, weak beat alignment, single-source evidence
expert	118352	0	1	0.4438	0.6002	0.00101269	-5.33333	high	DSP	low confidence, weak beat alignment, single-source evidence
expert	77906.7	0	2	0.347127	0.600126	0.178389	-2.66667	high	DSP	low confidence, weak beat alignment, single-source evidence
expert	147440	0	2	0.443959	0.598874	0.000365098	5.33333	mid	DSP	low confidence, weak beat alignment, single-source evidence
expert	107835	0	2	0.448028	0.598763	0.00101269	-5.33333	high	DSP	low confidence, weak beat alignment, single-source evidence
expert	3842.67	0	2	0.447964	0.598622	0.105244	-8	mid	DSP	low confidence, weak beat alignment, single-source evidence
expert	166923	0	2	0.482681	0.59816	0.00630873	10.6667	high	DSP	low confidence, weak beat alignment, single-source evidence
expert	133509	0	2	0.44279	0.597901	0.00101269	5.33333	high	DSP	low confidence, weak beat alignment, single-source evidence
expert	134691	0	2	0.40548	0.597284	0.0578719	2.66667	high	DSP	low confidence, weak beat alignment, single-source evidence
expert	75432	0	2	0.353661	0.596874	0.178389	-2.66667	high	DSP	low confidence, weak beat alignment, single-source evidence
expert	16912	0	2	0.45299	0.596192	0.00101269	5.33333	mid	DSP	low confidence, weak beat alignment, single-source evidence
expert	139464	0	2	0.372298	0.595798	0.178389	-2.66667	mid	DSP	low confidence, weak beat alignment, single-source evidence
expert	11730.7	0	1	0.423399	0.595711	0.281829	-13.3333	low	DSP	low confidence, weak beat alignment, single-source evidence
expert	56501.3	0	1	0.407706	0.595241	0.000365098	-7.27596e-12	high	DSP	low confidence, weak beat alignment, single-source evidence
expert	124931	0	0	0.376479	0.595149	0.281829	-8	high	DSP	low confidence, weak beat alignment, single-source evidence
expert	13200	0	2	0.45677	0.594415	0.00101269	-5.33333	mid	DSP	low confidence, weak beat alignment, single-source evidence
expert	148352	0	2	0.356195	0.593828	0.178389	0	mid	DSP	low confidence, weak beat alignment, single-source evidence
expert	14205.3	0	2	0.381554	0.592874	0.178389	-2.66667	mid	DSP	low confidence, weak beat alignment, single-source evidence
expert	102891	0	2	0.42064	0.592461	0.000365098	-1.45519e-11	high	DSP	low confidence, weak beat alignment, single-source evidence
expert	151755	0	2	0.355568	0.59236	0.178389	0	mid	DSP	low confidence, weak beat alignment, single-source evidence
expert	161664	0	1	0.497089	0.592236	0.000365098	10.6667	low	DSP	low confidence, weak beat alignment, single-source evidence
expert	151448	0	2	0.376863	0.591756	0.178389	2.66667	mid	DSP	low confidence, weak beat alignment, single-source evidence
expert	154851	0	1	0.376981	0.59165	0.178389	2.66667	mid	DSP	low confidence, weak beat alignment, single-source evidence
expert	68008	0	1	0.364547	0.591457	0.178389	-2.66667	high	DSP	low confidence, weak beat alignment, single-source evidence
expert	112784	0	1	0.462445	0.591424	0.00101269	-5.33333	high	DSP	low confidence, weak beat alignment, single-source evidence
expert	175645	0	1	0.38187	0.59123	0.178389	-2.66667	mid	DSP	low confidence, weak beat alignment, single-source evidence
expert	88976	0	2	0.441155	0.590531	0.00261811	5.33333	high	DSP	low confidence, weak beat alignment, single-source evidence
expert	38560	0	2	0.420684	0.590444	0.00101269	0	high	DSP	low confidence, weak beat alignment, single-source evidence
expert	79690.7	0	1	0.403547	0.590135	0.00101269	-1.45519e-11	mid	DSP	low confidence, weak beat alignment, single-source evidence
expert	74816	0	2	0.350195	0.589027	0.178389	0	high	DSP	low confidence, weak beat alignment, single-source evidence
expert	158875	0	0	0.46325	0.588957	0.00101269	5.33333	mid	DSP	low confidence, weak beat alignment, single-source evidence
expert	76672	0	2	0.35081	0.588664	0.178389	0	high	DSP	low confidence, weak beat alignment, single-source evidence
expert	29978.7	0	1	0.408974	0.587885	0.178389	-5.33333	high	DSP	low confidence, weak beat alignment, single-source evidence
expert	147357	0	1	0.431083	0.587047	0.178389	8	mid	DSP	low confidence, weak beat alignment, single-source evidence
expert	123691	0	1	0.367532	0.586612	0.178389	-1.45519e-11	high	DSP	low confidence, weak beat alignment, single-source evidence
expert	174331	0	2	0.470303	0.586328	0.00101269	-5.33333	high	DSP	low confidence, weak beat alignment, single-source evidence
expert	76050.7	0	1	0.375514	0.586061	0.178389	-2.66667	high	DSP	low confidence, weak beat alignment, single-source evidence
expert	54336	0	2	0.429168	0.586017	0.00101269	5.82077e-11	high	DSP	low confidence, weak beat alignment, single-source evidence
expert	176805	0	0	0.470995	0.586	0.00101269	-5.33333	mid	DSP	low confidence, weak beat alignment, single-source evidence
expert	160416	0	2	0.429304	0.58583	0.00101269	0	mid	DSP	low confidence, weak beat alignment, single-source evidence
expert	157013	0	1	0.370985	0.584951	0.178389	0	mid	DSP	low confidence, weak beat alignment, single-source evidence
expert	155776	0	1	0.372249	0.584344	0.178389	0	mid	DSP	low confidence, weak beat alignment, single-source evidence
expert	169072	0	0	0.47512	0.584046	0.00101269	-5.33333	low	DSP	low confidence, weak beat alignment, single-source evidence
expert	168224	0	2	0.375428	0.583988	0.178389	0	mid	DSP	low confidence, weak beat alignment, single-source evidence
expert	155869	0	2	0.399897	0.583807	0.281829	8	mid	DSP	low confidence, weak beat alignment, single-source evidence
expert	83330.7	0	2	0.380367	0.583647	0.178389	2.66667	high	DSP	low confidence, weak beat alignment, single-source evidence
expert	165675	0	2	0.376659	0.583525	0.178389	0	mid	DSP	low confidence, weak beat alignment, single-source evidence
expert	172789	0	2	0.435922	0.583455	0.000365098	0	mid	DSP	low confidence, weak beat alignment, single-source evidence
expert	89904	0	2	0.476346	0.583348	0.00101269	5.33333	high	DSP	low confidence, weak beat alignment, single-source evidence
expert	77290.7	0	1	0.362291	0.58301	0.178389	0	high	DSP	low confidence, weak beat alignment, single-source evidence
expert	161344	0	2	0.436219	0.582544	0.00101269	0	mid	DSP	low confidence, weak beat alignment, single-source evidence
expert	156861	0	1	0.396475	0.582331	0.178389	-2.66667	mid	DSP	low confidence, weak beat alignment, single-source evidence
expert	46912	0	3	0.423472	0.582064	0.00101269	0	high	DSP	low confidence, weak beat alignment, single-source evidence
expert	93925.3	0	2	0.479684	0.581517	0.00261811	5.33333	high	DSP	low confidence, weak beat alignment, single-source evidence
expert	175259	0	2	0.481118	0.581205	0.00101269	-5.33333	mid	DSP	low confidence, weak beat alignment, single-source evidence
expert	14437.3	0	1	0.485029	0.581133	0.00101269	-5.33333	mid	DSP	low confidence, weak beat alignment, single-source evidence
expert	149283	0	2	0.400427	0.580431	0.178389	2.66667	mid	DSP	low confidence, weak beat alignment, single-source evidence
expert	144107	0	1	0.443835	0.579574	0.00101269	0	mid	DSP	low confidence, weak beat alignment, single-source evidence
expert	1813.33	0	2	0.442732	0.579383	0.0578719	0	low	DSP	low confidence, weak beat alignment, single-source evidence
expert	11349.3	0	2	0.447861	0.579343	0.00101269	-1.81899e-12	low	DSP	low confidence, weak beat alignment, single-source evidence
expert	171547	0	1	0.487231	0.578309	0.00101269	-5.33333	low	DSP	low confidence, weak beat alignment, single-source evidence
expert	150136	0	2	0.40495	0.578258	0.178389	2.66667	mid	DSP	low confidence, weak beat alignment, single-source evidence
expert	66637.3	0	1	0.348039	0.577588	0.569573	13.3333	high	DSP	low confidence, single-source evidence
expert	124229	0	2	0.485397	0.576874	0.00101269	-5.33333	high	DSP	low confidence, weak beat alignment, single-source evidence
expert	88280	0	1	0.394275	0.576728	0.178389	2.66667	high	DSP	low confidence, weak beat alignment, single-source evidence
expert	13122.7	0	1	0.481469	0.576313	0.105244	-8	mid	DSP	low confidence, weak beat alignment, single-source evidence
expert	10493.3	0	0	0.421306	0.576179	0.414998	-13.3333	low	DSP	low confidence, weak beat alignment, single-source evidence
expert	157944	0	2	0.410168	0.57575	0.178389	2.66667	mid	DSP	low confidence, weak beat alignment, single-source evidence
expert	155160	0	1	0.410255	0.575709	0.178389	2.66667	mid	DSP	low confidence, weak beat alignment, single-source evidence
expert	167531	0	1	0.451764	0.575256	0.000365098	0	mid	DSP	low confidence, weak beat alignment, single-source evidence
expert	64781.3	0	1	0.353392	0.574895	0.569573	13.3333	high	DSP	low confidence, single-source evidence
expert	67256	0	2	0.353523	0.574829	0.569573	13.3333	high	DSP	low confidence, single-source evidence
expert	154005	0	1	0.392478	0.574622	0.178389	0	mid	DSP	low confidence, weak beat alignment, single-source evidence
expert	162891	0	1	0.454164	0.574016	0.00101269	0	mid	DSP	low confidence, weak beat alignment, single-source evidence
expert	66018.7	0	2	0.35598	0.573592	0.569573	13.3333	high	DSP	low confidence, single-source evidence
expert	142253	0	2	0.41911	0.573484	0.178389	2.66667	mid	DSP	low confidence, weak beat alignment, single-source evidence
expert	164144	0	0	0.57529	0.573404	0.00630873	16	low	DSP	low confidence, weak beat alignment, single-source evidence
expert	63776	0	1	0.337592	0.573216	0.569573	10.6667	high	DSP	low confidence, single-source evidence
expert	72824	0	2	0.358275	0.572438	0.569573	13.3333	high	DSP	low confidence, single-source evidence
expert	177739	0	1	0.459846	0.572122	0.000365098	0	mid	DSP	low confidence, weak beat alignment, single-source evidence
expert	45674.7	0	2	0.4438	0.57209	0.00101269	2.18279e-11	high	DSP	low confidence, weak beat alignment, single-source evidence
expert	123616	0	2	0.458556	0.570457	0.00101269	0	high	DSP	low confidence, weak beat alignment, single-source evidence
expert	170624	0	1	0.405532	0.570393	0.178389	0	mid	DSP	low confidence, weak beat alignment, single-source evidence
expert	74061.3	0	3	0.364837	0.569136	0.569573	13.3333	high	DSP	low confidence, single-source evidence
expert	160725	0	2	0.408793	0.568192	0.178389	0	mid	DSP	low confidence, weak beat alignment, single-source evidence
expert	41349.3	0	2	0.492481	0.567463	0.00101269	5.33333	high	DSP	low confidence, weak beat alignment, single-source evidence
expert	173099	0	2	0.416972	0.564953	0.178389	0	mid	DSP	low confidence, weak beat alignment, single-source evidence
expert	164437	0	2	0.47566	0.5638	0.00101269	-2.91038e-11	mid	DSP	low confidence, weak beat alignment, single-source evidence
expert	12968	0	2	0.444203	0.56332	0.178389	-2.66667	mid	DSP	low confidence, weak beat alignment, single-source evidence
expert	81552	0	1	0.500242	0.561288	0.00261811	5.33333	high	DSP	low confidence, weak beat alignment, single-source evidence
expert	46293.3	0	1	0.467074	0.56067	0.00101269	-7.27596e-12	high	DSP	low confidence, weak beat alignment, single-source evidence
expert	63530.7	0	1	0.375345	0.560435	0.281829	1.38243e-10	high	DSP	low confidence, weak beat alignment, single-source evidence
expert	169381	0	2	0.526621	0.559651	0.00101269	-5.33333	high	DSP	low confidence, weak beat alignment, single-source evidence
expert	171856	0	1	0.529887	0.558104	0.00101269	-5.33333	mid	DSP	low confidence, weak beat alignment, single-source evidence
expert	129277	0	1	0.37775	0.555465	0.414998	-2.66667	high	DSP	low confidence, weak beat alignment, single-source evidence
expert	168149	0	1	0.437656	0.554421	0.178389	0	mid	DSP	low confidence, weak beat alignment, single-source evidence
expert	95776	0	2	0.495374	0.551466	0.00101269	0	high	DSP	low confidence, weak beat alignment, single-source evidence
expert	166603	0	0	0.501338	0.550774	0.00630873	0	low	DSP	low confidence, weak beat alignment, single-source evidence
expert	139928	0	1	0.467344	0.550537	0.178389	2.66667	mid	DSP	low confidence, weak beat alignment, single-source evidence
expert	44437.3	0	2	0.489914	0.549464	0.00101269	1.45519e-11	high	DSP	low confidence, weak beat alignment, single-source evidence
expert	60064	0	2	0.385168	0.549276	0.569573	10.6667	high	DSP	low confidence, single-source evidence
expert	62538.7	0	2	0.387046	0.548331	0.569573	10.6667	high	DSP	low confidence, single-source evidence
expert	65400	0	2	0.408941	0.546944	0.569573	13.3333	high	DSP	low confidence, single-source evidence
expert	144952	0	1	0.479239	0.544878	0.178389	2.66667	mid	DSP	low confidence, weak beat alignment, single-source evidence
expert	15674.7	0	1	0.562945	0.544511	0.00101269	-5.33333	mid	DSP	low confidence, weak beat alignment, single-source evidence
expert	87114.7	0	1	0.497252	0.543761	0.00101269	-1.45519e-11	high	DSP	low confidence, weak beat alignment, single-source evidence
expert	170315	0	1	0.519765	0.543739	0.000365098	0	mid	DSP	low confidence, weak beat alignment, single-source evidence
expert	64162.7	0	3	0.423221	0.539759	0.569573	13.3333	high	DSP	low confidence, single-source evidence
expert	153301	0	1	0.467146	0.538737	0.178389	0	mid	DSP	low confidence, weak beat alignment, single-source evidence
expert	60682.7	0	2	0.419372	0.531014	0.569573	10.6667	high	DSP	low confidence, single-source evidence
expert	163200	0	1	0.496081	0.526544	0.178389	0	mid	DSP	low confidence, weak beat alignment, single-source evidence
expert	96394.7	0	1	0.550534	0.524921	0.00101269	-1.45519e-11	high	DSP	low confidence, weak beat alignment, single-source evidence
expert	59832	0	2	0.45806	0.522229	0.569573	13.3333	high	DSP	low confidence, single-source evidence
expert	142784	0	1	0.56624	0.520757	0.00630873	0	mid	DSP	low confidence, weak beat alignment, single-source evidence
expert	139160	0	1	0.53465	0.518581	0.178389	2.66667	mid	DSP	low confidence, weak beat alignment, single-source evidence
expert	53258.7	0	2	0.339128	0.516999	0.965432	10.6667	high	DSP	low confidence, single-source evidence
expert	144021	0	2	0.579491	0.515305	0.00101269	0	mid	DSP	low confidence, weak beat alignment, single-source evidence
expert	50784	0	0	0.344037	0.514585	0.965432	10.6667	high	DSP	low confidence, single-source evidence
expert	93781.3	0	1	0.366344	0.506374	0.965432	10.6667	high	DSP	low confidence, single-source evidence
expert	166752	0	1	0.361506	0.506086	0.728612	0	mid	DSP	low confidence, single-source evidence
expert	153920	0	2	0.539818	0.503813	0.178389	0	mid	DSP	low confidence, weak beat alignment, single-source evidence
expert	52640	0	1	0.374241	0.502105	0.965432	10.6667	high	DSP	low confidence, single-source evidence
expert	58208	0	2	0.367943	0.501577	0.965432	10.6667	high	DSP	low confidence, single-source evidence
expert	56970.7	0	0	0.368375	0.501363	0.965432	10.6667	high	DSP	low confidence, single-source evidence
expert	62197.3	0	3	0.355191	0.501163	0.728612	0	high	DSP	low confidence, single-source evidence
expert	59136	0	0	0.374647	0.500741	0.965432	10.6667	mid	DSP	low confidence, single-source evidence
expert	30368	0	3	0.378256	0.50058	0.965432	10.6667	high	DSP	low confidence, single-source evidence
expert	86357.3	0	3	0.362163	0.499386	0.965432	10.6667	high	DSP	low confidence, single-source evidence
expert	81098.7	0	2	0.362619	0.499153	0.965432	10.6667	high	DSP	low confidence, single-source evidence
expert	82026.7	0	1	0.364608	0.498141	0.965432	10.6667	mid	DSP	low confidence, single-source evidence
expert	43050.7	0	3	0.38139	0.491515	0.965432	10.6667	high	DSP	low confidence, single-source evidence
expert	142944	0	2	0.357532	0.48706	0.868735	0	mid	DSP	low confidence, single-source evidence
expert	62250.7	0	1	0.341188	0.486527	0.868735	0	high	DSP	low confidence, single-source evidence
expert	91285.3	0	1	0.358941	0.486308	0.868735	0	high	DSP	low confidence, single-source evidence
expert	88810.7	0	1	0.341657	0.486289	0.868735	0	mid	DSP	low confidence, single-source evidence
expert	138923	0	3	0.361634	0.48508	0.868735	0	mid	DSP	low confidence, single-source evidence
expert	60394.7	0	0	0.344162	0.485018	0.868735	0	high	DSP	low confidence, single-source evidence
expert	137995	0	1	0.360142	0.484444	0.868735	0	high	DSP	low confidence, single-source evidence
expert	52021.3	0	1	0.406042	0.484106	0.965432	10.6667	high	DSP	low confidence, single-source evidence
expert	61013.3	0	0	0.350467	0.481818	0.868735	0	high	DSP	low confidence, single-source evidence
expert	163979	0	1	0.368787	0.480995	0.868735	0	mid	DSP	low confidence, single-source evidence
expert	121909	0	1	0.366774	0.480595	0.868735	0	high	DSP	low confidence, single-source evidence
expert	80170.7	0	1	0.399574	0.480346	0.965432	10.6667	high	DSP	low confidence, single-source evidence
expert	85429.3	0	2	0.396179	0.478658	0.965432	10.6667	high	DSP	low confidence, single-source evidence
expert	142016	0	2	0.376781	0.477766	0.868735	0	mid	DSP	low confidence, single-source evidence
expert	146037	0	1	0.378689	0.475014	0.868735	0	mid	DSP	low confidence, single-source evidence
expert	62869.3	0	1	0.372151	0.470812	0.868735	0	high	DSP	low confidence, single-source evidence
expert	36554.7	0	3	0.35572	0.467658	1	-2.18279e-11	high	DSP	low confidence, single-source evidence
expert	180352	0	2	0.463613	0.467089	0.728612	0	mid	DSP	low confidence, single-source evidence
expert	69013.3	0	2	0.382366	0.465628	0.868735	0	high	DSP	low confidence, single-source evidence
expert	61632	0	2	0.383828	0.464886	0.868735	0	high	DSP	low confidence, single-source evidence
expert	37173.3	0	3	0.362099	0.462124	1	-2.18279e-11	high	DSP	low confidence, single-source evidence
expert	55114.7	0	1	0.364723	0.461743	1	1.23691e-10	high	DSP	low confidence, single-source evidence
expert	51402.7	0	1	0.376326	0.45725	1	9.45874e-11	high	DSP	low confidence, single-source evidence
expert	40266.7	0	1	0.364282	0.45626	1	7.27596e-12	high	DSP	low confidence, single-source evidence
expert	45525.3	0	2	0.366652	0.455064	1	4.36557e-11	high	DSP	low confidence, single-source evidence
expert	48309.3	0	3	0.36241	0.454003	1	6.54836e-11	high	DSP	low confidence, single-source evidence
expert	50165.3	0	2	0.389486	0.450859	1	8.00355e-11	high	DSP	low confidence, single-source evidence
expert	44288	0	1	0.375584	0.450559	1	3.63798e-11	high	DSP	low confidence, single-source evidence
expert	16757.3	0	1	0.397228	0.449435	1	1.09139e-11	mid	DSP	low confidence, single-source evidence
expert	18613.3	0	0	0.396535	0.447289	1	3.63798e-12	low	DSP	low confidence, single-source evidence
expert	49237.3	0	2	0.384783	0.445919	1	7.27596e-11	high	DSP	low confidence, single-source evidence
expert	32224	0	2	0.405734	0.440688	1	-5.09317e-11	high	DSP	low confidence, single-source evidence
expert	4725.33	0	1	0.431034	0.440579	1	0	mid	DSP	low confidence, single-source evidence
expert	54186.7	0	1	0.415067	0.438437	1	1.16415e-10	high	DSP	low confidence, single-source evidence
expert	7808	0	1	0.421901	0.438325	1	0	mid	DSP	low confidence, single-source evidence
expert	160267	0	1	0.418673	0.436543	1	0	mid	DSP	low confidence, single-source evidence
expert	10272	0	1	0.42848	0.434442	1	0	low	DSP	low confidence, single-source evidence
expert	119435	0	3	0.422064	0.433278	1	-1.45519e-11	high	DSP	low confidence, single-source evidence
expert	89749.3	0	1	0.428015	0.432663	1	0	high	DSP	low confidence, single-source evidence
expert	180139	0	1	0.450522	0.431563	1	0	mid	DSP	low confidence, single-source evidence
expert	158176	0	1	0.425768	0.431399	1	0	mid	DSP	low confidence, single-source evidence
expert	51712	0	2	0.430116	0.431129	1	0	high	DSP	low confidence, single-source evidence
expert	106133	0	1	0.436018	0.431103	1	0	high	DSP	low confidence, single-source evidence
expert	168075	0	2	0.431472	0.430324	1	0	high	DSP	low confidence, single-source evidence
expert	124384	0	1	0.42857	0.430092	1	0	high	DSP	low confidence, single-source evidence
expert	144256	0	2	0.434171	0.429771	1	0	mid	DSP	low confidence, single-source evidence
expert	95008	0	1	0.428657	0.428626	1	0	high	DSP	low confidence, single-source evidence
expert	79840	0	2	0.41635	0.427895	1	0	high	DSP	low confidence, single-source evidence
expert	128480	0	1	0.434537	0.427169	1	0	mid	DSP	low confidence, single-source evidence
expert	78912	0	0	0.419196	0.426445	1	0	high	DSP	low confidence, single-source evidence
expert	145184	0	2	0.441323	0.426308	1	0	mid	DSP	low confidence, single-source evidence
expert	174176	0	1	0.441429	0.426295	1	0	mid	DSP	low confidence, single-source evidence
expert	120992	0	2	0.436437	0.426238	1	0	high	DSP	low confidence, single-source evidence
expert	87573.3	0	2	0.419692	0.426192	1	0	high	DSP	low confidence, single-source evidence
expert	4330.67	0	1	0.462259	0.426133	1	-9.09495e-13	low	DSP	low confidence, single-source evidence
expert	123467	0	1	0.43776	0.42559	1	-1.45519e-11	high	DSP	low confidence, single-source evidence
expert	56661.3	0	2	0.439895	0.425002	1	-7.27596e-12	high	DSP	low confidence, single-source evidence
expert	167691	0	2	0.442605	0.424914	1	0	mid	DSP	low confidence, single-source evidence
expert	64106.7	0	0	0.422592	0.424715	1	0	high	DSP	low confidence, single-source evidence
expert	142325	0	1	0.439264	0.424353	1	-2.91038e-11	mid	DSP	low confidence, single-source evidence
expert	169227	0	1	0.445672	0.424241	1	0	mid	DSP	low confidence, single-source evidence
expert	137376	0	0	0.43631	0.423949	1	0	mid	DSP	low confidence, single-source evidence
expert	139232	0	2	0.446206	0.423943	1	0	mid	DSP	low confidence, single-source evidence
expert	143253	0	1	0.446885	0.423615	1	-2.91038e-11	mid	DSP	low confidence, single-source evidence
expert	151371	0	1	0.442238	0.42333	1	0	mid	DSP	low confidence, single-source evidence
expert	69674.7	0	0	0.42547	0.423248	1	-1.45519e-11	high	DSP	low confidence, single-source evidence
expert	152533	0	2	0.443668	0.422629	1	-2.91038e-11	mid	DSP	low confidence, single-source evidence
expert	20778.7	0	2	0.452288	0.42212	1	-3.63798e-12	high	DSP	low confidence, single-source evidence
expert	82634.7	0	3	0.428514	0.421698	1	-1.45519e-11	high	DSP	low confidence, single-source evidence
expert	88202.7	0	2	0.429114	0.421392	1	-1.45519e-11	high	DSP	low confidence, single-source evidence
expert	141781	0	2	0.451633	0.421315	1	-2.91038e-11	mid	DSP	low confidence, single-source evidence
expert	74005.3	0	1	0.429422	0.421235	1	0	high	DSP	low confidence, single-source evidence
expert	99946.7	0	0	0.456917	0.42109	1	-1.45519e-11	high	DSP	low confidence, single-source evidence
expert	92832	0	3	0.44596	0.420964	1	0	high	DSP	low confidence, single-source evidence
expert	57578.7	0	0	0.448734	0.420682	1	0	high	DSP	low confidence, single-source evidence
expert	41194.7	0	1	0.435011	0.420584	1	0	high	DSP	low confidence, single-source evidence
expert	59776	0	1	0.431399	0.420228	1	0	high	DSP	low confidence, single-source evidence
expert	55722.7	0	1	0.44325	0.420174	1	0	high	DSP	low confidence, single-source evidence
expert	90986.7	0	1	0.453805	0.42017	1	-1.45519e-11	high	DSP	low confidence, single-source evidence
expert	96864	0	3	0.446065	0.420042	1	0	high	DSP	low confidence, single-source evidence
expert	5322.67	0	1	0.460566	0.419843	1	-9.09495e-13	mid	DSP	low confidence, single-source evidence
expert	170155	0	2	0.454916	0.419766	1	0	mid	DSP	low confidence, single-source evidence
expert	8725.33	0	1	0.455433	0.419531	1	-1.81899e-12	mid	DSP	low confidence, single-source evidence
expert	72768	0	1	0.434673	0.41856	1	0	high	DSP	low confidence, single-source evidence
expert	19850.7	0	1	0.451695	0.417866	1	-3.63798e-12	mid	DSP	low confidence, single-source evidence
expert	85728	0	1	0.436678	0.417539	1	0	mid	DSP	low confidence, single-source evidence
expert	79541.3	0	2	0.438514	0.416603	1	0	high	DSP	low confidence, single-source evidence
expert	162741	0	2	0.459737	0.416588	1	-2.91038e-11	mid	DSP	low confidence, single-source evidence
expert	64725.3	0	2	0.438656	0.416531	1	-7.27596e-12	high	DSP	low confidence, single-source evidence
expert	84490.7	0	1	0.439313	0.416196	1	-1.45519e-11	high	DSP	low confidence, single-source evidence
expert	90058.7	0	1	0.462611	0.415904	1	-1.45519e-11	high	DSP	low confidence, single-source evidence
expert	2826.67	0	1	0.48446	0.415861	1	0	mid	DSP	low confidence, single-source evidence
expert	8064	0	2	0.469694	0.415479	1	0	mid	DSP	low confidence, single-source evidence
expert	57888	0	1	0.459539	0.415402	1	0	high	DSP	low confidence, single-source evidence
expert	111392	0	2	0.461509	0.415285	1	0	high	DSP	low confidence, single-source evidence
expert	66581.3	0	2	0.441298	0.415185	1	0	high	DSP	low confidence, single-source evidence
expert	110773	0	2	0.468151	0.415019	1	0	high	DSP	low confidence, single-source evidence
expert	122528	0	2	0.452736	0.414949	1	0	high	DSP	low confidence, single-source evidence
expert	92224	0	1	0.466931	0.413812	1	0	high	DSP	low confidence, single-source evidence
expert	46762.7	0	1	0.449819	0.413115	1	0	high	DSP	low confidence, single-source evidence
expert	43349.3	0	2	0.443498	0.412387	1	-7.27596e-12	high	DSP	low confidence, single-source evidence
expert	155701	0	2	0.464781	0.412285	1	-2.91038e-11	mid	DSP	low confidence, single-source evidence
expert	80778.7	0	1	0.447916	0.411814	1	-1.45519e-11	mid	DSP	low confidence, single-source evidence
expert	88512	0	2	0.447989	0.411776	1	0	high	DSP	low confidence, single-source evidence
expert	86965.3	0	2	0.448646	0.411442	1	0	high	DSP	low confidence, single-source evidence
expert	10560	0	2	0.476537	0.411387	1	0	low	DSP	low confidence, single-source evidence
expert	125003	0	2	0.46019	0.411243	1	-1.45519e-11	high	DSP	low confidence, single-source evidence
expert	103051	0	3	0.477793	0.411089	1	-1.45519e-11	high	DSP	low confidence, single-source evidence
expert	70912	0	1	0.449638	0.410937	1	0	high	DSP	low confidence, single-source evidence
expert	165205	0	1	0.47138	0.41093	1	-2.91038e-11	mid	DSP	low confidence, single-source evidence
expert	124075	0	1	0.467837	0.410859	1	-1.45519e-11	high	DSP	low confidence, single-source evidence
expert	137067	0	1	0.470827	0.41021	1	0	high	DSP	low confidence, single-source evidence
expert	18922.7	0	2	0.479441	0.409994	1	-3.63798e-12	high	DSP	low confidence, single-source evidence
expert	125941	0	3	0.471254	0.409186	1	0	high	DSP	low confidence, single-source evidence
expert	34688	0	3	0.470222	0.409009	1	0	high	DSP	low confidence, single-source evidence
expert	87264	0	2	0.453478	0.40898	1	0	high	DSP	low confidence, single-source evidence
expert	9056	0	2	0.483646	0.40881	1	0	mid	DSP	low confidence, single-source evidence
expert	154080	0	2	0.472445	0.40853	1	0	mid	DSP	low confidence, single-source evidence
expert	168917	0	1	0.479292	0.407965	1	-2.91038e-11	mid	DSP	low confidence, single-source evidence
expert	22325.3	0	1	0.475423	0.407903	1	0	high	DSP	low confidence, single-source evidence
expert	127168	0	1	0.474637	0.407528	1	0	high	DSP	low confidence, single-source evidence
expert	9312	0	1	0.486656	0.407371	1	0	mid	DSP	low confidence, single-source evidence
expert	136757	0	2	0.476712	0.407338	1	-2.91038e-11	high	DSP	low confidence, single-source evidence
expert	120053	0	2	0.469699	0.406517	1	0	high	DSP	low confidence, single-source evidence
expert	95626.7	0	3	0.473973	0.406281	1	-1.45519e-11	high	DSP	low confidence, single-source evidence
expert	19232	0	1	0.487528	0.406115	1	0	high	DSP	low confidence, single-source evidence
expert	132427	0	1	0.472875	0.405842	1	0	high	DSP	low confidence, single-source evidence
expert	67776	0	1	0.460292	0.405509	1	0	high	DSP	low confidence, single-source evidence
expert	91914.7	0	2	0.484736	0.405187	1	-1.45519e-11	high	DSP	low confidence, single-source evidence
expert	1301.33	0	2	0.502971	0.405052	1	0	mid	DSP	low confidence, single-source evidence
expert	122219	0	2	0.481273	0.404278	1	-1.45519e-11	high	DSP	low confidence, single-source evidence
expert	153845	0	1	0.481593	0.404048	1	-2.91038e-11	mid	DSP	low confidence, single-source evidence
expert	45824	0	2	0.459849	0.403995	1	0	high	DSP	low confidence, single-source evidence
expert	68394.7	0	1	0.463928	0.403656	1	-1.45519e-11	high	DSP	low confidence, single-source evidence
expert	21706.7	0	1	0.490684	0.403623	1	-3.63798e-12	high	DSP	low confidence, single-source evidence
expert	173867	0	1	0.48944	0.403052	1	0	mid	DSP	low confidence, single-source evidence
expert	35306.7	0	3	0.489339	0.402921	1	0	high	DSP	low confidence, single-source evidence
expert	52320	0	2	0.490866	0.401628	1	0	high	DSP	low confidence, single-source evidence
expert	47680	0	1	0.472879	0.401484	1	0	high	DSP	low confidence, single-source evidence
expert	127477	0	2	0.480484	0.401156	1	0	high	DSP	low confidence, single-source evidence
expert	89120	0	1	0.482654	0.401134	1	0	high	DSP	low confidence, single-source evidence
expert	101493	0	1	0.492318	0.401085	1	0	high	DSP	low confidence, single-source evidence
expert	133355	0	1	0.492157	0.3998	1	0	high	DSP	low confidence, single-source evidence
expert	65344	0	1	0.471876	0.399607	1	0	high	DSP	low confidence, single-source evidence
expert	44906.7	0	2	0.476662	0.399576	1	0	high	DSP	low confidence, single-source evidence
expert	34080	0	1	0.49659	0.399408	1	0	high	DSP	low confidence, single-source evidence
expert	76512	0	1	0.472296	0.399394	1	0	high	DSP	low confidence, single-source evidence
expert	148821	0	2	0.49136	0.399262	1	-2.91038e-11	mid	DSP	low confidence, single-source evidence
expert	164288	0	1	0.495818	0.399054	1	0	mid	DSP	low confidence, single-source evidence
expert	157867	0	1	0.491845	0.399025	1	0	mid	DSP	low confidence, single-source evidence
expert	53866.7	0	2	0.496562	0.398862	1	0	high	DSP	low confidence, single-source evidence
expert	132117	0	2	0.494243	0.398782	1	-2.91038e-11	high	DSP	low confidence, single-source evidence
expert	102432	0	2	0.503527	0.39876	1	0	high	DSP	low confidence, single-source evidence
expert	45205.3	0	1	0.478309	0.398745	1	-7.27596e-12	high	DSP	low confidence, single-source evidence
expert	128096	0	2	0.492871	0.398598	1	0	high	DSP	low confidence, single-source evidence
expert	42421.3	0	1	0.481243	0.397265	1	-7.27596e-12	high	DSP	low confidence, single-source evidence
expert	65962.7	0	1	0.476645	0.397178	1	-1.45519e-11	high	DSP	low confidence, single-source evidence
expert	75200	0	2	0.477086	0.396953	1	0	high	DSP	low confidence, single-source evidence
expert	136139	0	2	0.491015	0.39686	1	0	high	DSP	low confidence, single-source evidence
expert	155083	0	2	0.497447	0.39628	1	0	mid	DSP	low confidence, single-source evidence
expert	177579	0	2	0.504315	0.395851	1	0	high	DSP	low confidence, single-source evidence
expert	131808	0	1	0.501024	0.395472	1	0	high	DSP	low confidence, single-source evidence
expert	161493	0	2	0.504592	0.39479	1	-2.91038e-11	mid	DSP	low confidence, single-source evidence
expert	141397	0	2	0.507531	0.394249	1	-2.91038e-11	mid	DSP	low confidence, single-source evidence
expert	57269.3	0	1	0.503119	0.394102	1	-7.27596e-12	high	DSP	low confidence, single-source evidence
expert	47370.7	0	1	0.488188	0.393763	1	0	high	DSP	low confidence, single-source evidence
expert	171392	0	2	0.50927	0.393452	1	0	high	DSP	low confidence, single-source evidence
expert	165600	0	1	0.507877	0.393194	1	0	mid	DSP	low confidence, single-source evidence
expert	96245.3	0	2	0.500791	0.393056	1	0	high	DSP	low confidence, single-source evidence
expert	130880	0	1	0.507702	0.392213	1	0	high	DSP	low confidence, single-source evidence
expert	157557	0	2	0.505848	0.392165	1	-2.91038e-11	mid	DSP	low confidence, single-source evidence
expert	97472	0	1	0.502768	0.392082	1	0	high	DSP	low confidence, single-source evidence
expert	66858.7	0	2	0.478198	0.391911	1	-1.45519e-11	high	DSP	low confidence, single-source evidence
expert	94389.3	0	3	0.503248	0.391845	1	0	high	DSP	low confidence, single-source evidence
expert	27274.7	0	1	0.508904	0.391558	1	-3.63798e-12	high	DSP	low confidence, single-source evidence
expert	175104	0	1	0.513755	0.391281	1	0	mid	DSP	low confidence, single-source evidence
expert	82944	0	2	0.479492	0.39124	1	0	high	DSP	low confidence, single-source evidence
expert	725.333	0	2	0.538149	0.391022	1	-1.13687e-13	mid	DSP	low confidence, single-source evidence
expert	97173.3	0	3	0.505173	0.390896	1	0	high	DSP	low confidence, single-source evidence
expert	67200	0	1	0.489295	0.390734	1	0	high	DSP	low confidence, single-source evidence
expert	64992	0	2	0.489514	0.390622	1	0	high	DSP	low confidence, single-source evidence
expert	84800	0	2	0.489785	0.390484	1	0	high	DSP	low confidence, single-source evidence
expert	47061.3	0	2	0.486442	0.390347	1	-7.27596e-12	high	DSP	low confidence, single-source evidence
expert	52938.7	0	1	0.514665	0.390071	1	0	high	DSP	low confidence, single-source evidence
expert	74656	0	2	0.490703	0.390016	1	0	high	DSP	low confidence, single-source evidence
expert	134592	0	1	0.512731	0.389758	1	0	high	DSP	low confidence, single-source evidence
expert	104907	0	3	0.522548	0.389646	1	-1.45519e-11	high	DSP	low confidence, single-source evidence
expert	85109.3	0	2	0.492309	0.389198	1	0	high	DSP	low confidence, single-source evidence
expert	160651	0	1	0.516585	0.388962	1	0	mid	DSP	low confidence, single-source evidence
expert	140779	0	1	0.519052	0.388671	1	0	mid	DSP	low confidence, single-source evidence
expert	67466.7	0	2	0.493438	0.388623	1	-1.45519e-11	high	DSP	low confidence, single-source evidence
expert	176651	0	1	0.520002	0.388257	1	0	mid	DSP	low confidence, single-source evidence
expert	48917.3	0	1	0.499196	0.38821	1	-7.27596e-12	high	DSP	low confidence, single-source evidence
expert	156629	0	2	0.514329	0.388009	1	-2.91038e-11	mid	DSP	low confidence, single-source evidence
expert	99018.7	0	3	0.515968	0.387835	1	-1.45519e-11	high	DSP	low confidence, single-source evidence
expert	97792	0	2	0.503596	0.38782	1	0	high	DSP	low confidence, single-source evidence
expert	120683	0	1	0.515221	0.387651	1	-1.45519e-11	high	DSP	low confidence, single-source evidence
expert	32842.7	0	2	0.522252	0.386975	1	0	high	DSP	low confidence, single-source evidence
expert	146347	0	2	0.523528	0.386503	1	0	mid	DSP	low confidence, single-source evidence
expert	109845	0	2	0.52765	0.386425	1	0	high	DSP	low confidence, single-source evidence
expert	84181.3	0	2	0.490737	0.385406	1	0	high	DSP	low confidence, single-source evidence
expert	121291	0	1	0.512608	0.385187	1	-1.45519e-11	high	DSP	low confidence, single-source evidence
expert	39018.7	0	3	0.526887	0.384729	1	0	high	DSP	low confidence, single-source evidence
expert	38101.3	0	2	0.527019	0.384665	1	-7.27596e-12	high	DSP	low confidence, single-source evidence
expert	145493	0	2	0.527743	0.384462	1	-2.91038e-11	mid	DSP	low confidence, single-source evidence
expert	86037.3	0	2	0.501999	0.384262	1	0	high	DSP	low confidence, single-source evidence
expert	143872	0	1	0.529064	0.383823	1	0	mid	DSP	low confidence, single-source evidence
expert	154389	0	0	0.523256	0.383635	1	-2.91038e-11	mid	DSP	low confidence, single-source evidence
expert	145803	0	1	0.529615	0.383556	1	0	mid	DSP	low confidence, single-source evidence
expert	173024	0	1	0.530428	0.383209	1	0	mid	DSP	low confidence, single-source evidence
expert	37781.3	0	3	0.531373	0.382556	1	-7.27596e-12	high	DSP	low confidence, single-source evidence
expert	121600	0	2	0.526798	0.381981	1	0	high	DSP	low confidence, single-source evidence
expert	75818.7	0	2	0.506666	0.381884	1	-1.45519e-11	high	DSP	low confidence, single-source evidence
expert	68085.3	0	2	0.497539	0.381877	1	0	high	DSP	low confidence, single-source evidence
expert	40874.7	0	0	0.504431	0.381114	1	0	high	DSP	low confidence, single-source evidence
expert	69322.7	0	1	0.494751	0.38075	1	-1.45519e-11	high	DSP	low confidence, single-source evidence
expert	169536	0	1	0.528307	0.380691	1	0	mid	DSP	low confidence, single-source evidence
expert	74240	0	1	0.499875	0.380665	1	0	high	DSP	low confidence, single-source evidence
expert	49536	0	2	0.522622	0.380624	1	0	high	DSP	low confidence, single-source evidence
expert	83562.7	0	1	0.509264	0.38056	1	-1.45519e-11	high	DSP	low confidence, single-source evidence
expert	65610.7	0	2	0.500205	0.380493	1	-1.45519e-11	high	DSP	low confidence, single-source evidence
expert	38410.7	0	1	0.529932	0.379678	1	0	high	DSP	low confidence, single-source evidence
expert	153227	0	2	0.532146	0.37928	1	0	mid	DSP	low confidence, single-source evidence
expert	90368	0	2	0.531386	0.379007	1	0	high	DSP	low confidence, single-source evidence
expert	3402.67	0	2	0.564258	0.378943	1	0	mid	DSP	low confidence, single-source evidence
expert	151680	0	1	0.532968	0.378877	1	0	mid	DSP	low confidence, single-source evidence
expert	170549	0	2	0.539913	0.378617	1	-2.91038e-11	high	DSP	low confidence, single-source evidence
expert	98090.7	0	2	0.5315	0.377914	1	-1.45519e-11	high	DSP	low confidence, single-source evidence
expert	79232	0	1	0.500466	0.377756	1	0	high	DSP	low confidence, single-source evidence
expert	38709.3	0	1	0.541318	0.377738	1	-7.27596e-12	high	DSP	low confidence, single-source evidence
expert	149205	0	1	0.535354	0.377708	1	-2.91038e-11	mid	DSP	low confidence, single-source evidence
expert	20458.7	0	1	0.54493	0.377491	1	-3.63798e-12	high	DSP	low confidence, single-source evidence
expert	100885	0	1	0.548081	0.377414	1	0	high	DSP	low confidence, single-source evidence
expert	47989.3	0	1	0.520614	0.377407	1	-7.27596e-12	high	DSP	low confidence, single-source evidence
expert	80469.3	0	2	0.506259	0.377353	1	0	high	DSP	low confidence, single-source evidence
expert	149739	0	2	0.528754	0.377072	1	0	mid	DSP	low confidence, single-source evidence
expert	68704	0	1	0.516528	0.37686	1	0	high	DSP	low confidence, single-source evidence
expert	77674.7	0	1	0.517544	0.376342	1	-1.45519e-11	high	DSP	low confidence, single-source evidence
expert	77130.7	0	0	0.517925	0.376148	1	-1.45519e-11	high	DSP	low confidence, single-source evidence
expert	153461	0	2	0.530878	0.376015	1	-2.91038e-11	mid	DSP	low confidence, single-source evidence
expert	148277	0	1	0.545194	0.376012	1	-2.91038e-11	mid	DSP	low confidence, single-source evidence
expert	33461.3	0	1	0.537407	0.376006	1	-7.27596e-12	high	DSP	low confidence, single-source evidence
expert	140160	0	2	0.545275	0.375973	1	0	mid	DSP	low confidence, single-source evidence
expert	173248	0	1	0.538228	0.375821	1	0	mid	DSP	low confidence, single-source evidence
expert	104587	0	2	0.551437	0.375806	1	-1.45519e-11	high	DSP	low confidence, single-source evidence
expert	86645.3	0	1	0.509826	0.375502	1	0	high	DSP	low confidence, single-source evidence
expert	30976	0	3	0.538477	0.37548	1	0	high	DSP	low confidence, single-source evidence
expert	22016	0	2	0.550195	0.374955	1	0	high	DSP	low confidence, single-source evidence
expert	25109.3	0	1	0.550562	0.374778	1	0	high	DSP	low confidence, single-source evidence
expert	20160	0	2	0.551576	0.37429	1	0	high	DSP	low confidence, single-source evidence
expert	175413	0	1	0.549061	0.374188	1	-2.91038e-11	mid	DSP	low confidence, single-source evidence
expert	17685.3	0	2	0.554357	0.374054	1	0	mid	DSP	low confidence, single-source evidence
expert	55413.3	0	0	0.544173	0.374037	1	-7.27596e-12	high	DSP	low confidence, single-source evidence
expert	78293.3	0	2	0.522146	0.373998	1	0	high	DSP	low confidence, single-source evidence
expert	163349	0	0	0.54004	0.373837	1	-2.91038e-11	mid	DSP	low confidence, single-source evidence
expert	116341	0	2	0.54703	0.373644	1	0	high	DSP	low confidence, single-source evidence
expert	89429.3	0	2	0.55167	0.372763	1	0	high	DSP	low confidence, single-source evidence
expert	134901	0	2	0.540817	0.372199	1	-2.91038e-11	high	DSP	low confidence, single-source evidence
expert	179499	0	0	0.574151	0.371802	1	0	mid	DSP	low confidence, single-source evidence
expert	159029	0	1	0.552208	0.371651	1	-2.91038e-11	mid	DSP	low confidence, single-source evidence
expert	1909.33	0	1	0.581504	0.370964	1	0	mid	DSP	low confidence, single-source evidence
expert	35936	0	2	0.548809	0.370404	1	0	high	DSP	low confidence, single-source evidence
expert	171701	0	2	0.556913	0.370387	1	-2.91038e-11	mid	DSP	low confidence, single-source evidence
expert	12736	0	1	0.562163	0.370309	1	0	low	DSP	low confidence, single-source evidence
expert	87882.7	0	1	0.519917	0.370267	1	-1.45519e-11	high	DSP	low confidence, single-source evidence
expert	139541	0	1	0.557252	0.370174	1	-2.91038e-11	mid	DSP	low confidence, single-source evidence
expert	136448	0	1	0.553444	0.369888	1	0	high	DSP	low confidence, single-source evidence
expert	126240	0	1	0.545695	0.36874	1	0	high	DSP	low confidence, single-source evidence
expert	131499	0	0	0.556499	0.368397	1	0	high	DSP	low confidence, single-source evidence
expert	33152	0	3	0.561251	0.36808	1	0	high	DSP	low confidence, single-source evidence
expert	59434.7	0	2	0.519631	0.367714	1	0	high	DSP	low confidence, single-source evidence
expert	21088	0	3	0.558021	0.36758	1	0	high	DSP	low confidence, single-source evidence
expert	176960	0	1	0.555426	0.36738	1	0	mid	DSP	low confidence, single-source evidence
expert	46144	0	2	0.54106	0.367094	1	0	high	DSP	low confidence, single-source evidence
expert	129333	0	2	0.560187	0.366597	1	0	high	DSP	low confidence, single-source evidence
expert	158720	0	1	0.562825	0.366492	1	0	mid	DSP	low confidence, single-source evidence
expert	28821.3	0	1	0.568017	0.366369	1	0	high	DSP	low confidence, single-source evidence
expert	106443	0	0	0.563994	0.366301	1	-1.45519e-11	high	DSP	low confidence, single-source evidence
expert	76746.7	0	1	0.527701	0.366228	1	-1.45519e-11	high	DSP	low confidence, single-source evidence
expert	146965	0	1	0.565584	0.366139	1	-2.91038e-11	mid	DSP	low confidence, single-source evidence
expert	1621.33	0	1	0.592408	0.365919	1	0	mid	DSP	low confidence, single-source evidence
expert	66229.3	0	1	0.538018	0.365912	1	0	high	DSP	low confidence, single-source evidence
expert	134283	0	2	0.562184	0.365623	1	0	high	DSP	low confidence, single-source evidence
expert	107989	0	1	0.574024	0.364984	1	0	high	DSP	low confidence, single-source evidence
expert	12426.7	0	1	0.565931	0.364964	1	0	mid	DSP	low confidence, single-source evidence
expert	109536	0	1	0.574076	0.364114	1	0	high	DSP	low confidence, single-source evidence
expert	126859	0	2	0.563848	0.363834	1	-1.45519e-11	high	DSP	low confidence, single-source evidence
expert	23872	0	2	0.573338	0.363806	1	0	high	DSP	low confidence, single-source evidence
expert	129643	0	1	0.569614	0.361996	1	-1.45519e-11	high	DSP	low confidence, single-source evidence
expert	77365.3	0	2	0.546168	0.36176	1	0	high	DSP	low confidence, single-source evidence
expert	131189	0	1	0.562463	0.361481	1	-2.91038e-11	high	DSP	low confidence, single-source evidence
expert	146656	0	2	0.575435	0.361369	1	0	mid	DSP	low confidence, single-source evidence
expert	166133	0	2	0.574327	0.360903	1	-2.91038e-11	mid	DSP	low confidence, single-source evidence
expert	156320	0	1	0.570009	0.360729	1	0	mid	DSP	low confidence, single-source evidence
expert	168299	0	0	0.565085	0.360532	1	0	low	DSP	low confidence, single-source evidence
expert	107061	0	1	0.583647	0.360374	1	0	high	DSP	low confidence, single-source evidence
expert	176341	0	2	0.577628	0.360358	1	-2.91038e-11	high	DSP	low confidence, single-source evidence
expert	56341.3	0	2	0.572276	0.360302	1	-7.27596e-12	high	DSP	low confidence, single-source evidence
expert	29738.7	0	2	0.565298	0.360185	1	-3.63798e-12	high	DSP	low confidence, single-source evidence
expert	92533.3	0	1	0.577942	0.360037	1	0	high	DSP	low confidence, single-source evidence
expert	43978.7	0	2	0.556518	0.359297	1	0	high	DSP	low confidence, single-source evidence
expert	27893.3	0	1	0.583404	0.358957	1	0	high	DSP	low confidence, single-source evidence
expert	164587	0	1	0.570885	0.358634	1	0	mid	DSP	low confidence, single-source evidence
expert	25408	0	3	0.584341	0.358505	1	0	high	DSP	low confidence, single-source evidence
expert	11498.7	0	0	0.587961	0.357933	1	0	low	DSP	low confidence, single-source evidence
expert	126549	0	0	0.576201	0.357784	1	0	high	DSP	low confidence, single-source evidence
expert	33760	0	2	0.582506	0.357782	1	0	high	DSP	low confidence, single-source evidence
expert	53557.3	0	1	0.581253	0.357735	1	-7.27596e-12	high	DSP	low confidence, single-source evidence
expert	77984	0	1	0.54438	0.357576	1	0	high	DSP	low confidence, single-source evidence
expert	103968	0	2	0.582205	0.357464	1	0	high	DSP	low confidence, single-source evidence
expert	35626.7	0	1	0.583387	0.357356	1	0	high	DSP	low confidence, single-source evidence
expert	23253.3	0	2	0.587259	0.3571	1	0	high	DSP	low confidence, single-source evidence
expert	32522.7	0	1	0.584316	0.356905	1	-3.63798e-12	high	DSP	low confidence, single-source evidence
expert	172629	0	1	0.585336	0.356627	1	-2.91038e-11	mid	DSP	low confidence, single-source evidence
expert	74890.7	0	1	0.557999	0.355733	1	-1.45519e-11	high	DSP	low confidence, single-source evidence
expert	82325.3	0	1	0.558728	0.355362	1	0	high	DSP	low confidence, single-source evidence
expert	133973	0	0	0.583225	0.355353	1	-2.91038e-11	high	DSP	low confidence, single-source evidence
expert	144875	0	2	0.57987	0.355325	1	0	mid	DSP	low confidence, single-source evidence
expert	114795	0	2	0.592679	0.355174	1	-1.45519e-11	high	DSP	low confidence, single-source evidence
expert	95925.3	0	1	0.579145	0.35442	1	0	high	DSP	low confidence, single-source evidence
expert	17376	0	1	0.588357	0.354065	1	0	mid	DSP	low confidence, single-source evidence
expert	108917	0	2	0.58337	0.353895	1	0	high	DSP	low confidence, single-source evidence
expert	101184	0	2	0.597295	0.353835	1	0	high	DSP	low confidence, single-source evidence
expert	150368	0	1	0.58602	0.352885	1	0	mid	DSP	low confidence, single-source evidence
expert	71146.7	0	0	0.564431	0.352456	1	-1.45519e-11	high	DSP	low confidence, single-source evidence
expert	167061	0	1	0.583595	0.35237	1	-2.91038e-11	mid	DSP	low confidence, single-source evidence
expert	83253.3	0	1	0.564732	0.352303	1	0	high	DSP	low confidence, single-source evidence
expert	107371	0	2	0.6007	0.352204	1	-1.45519e-11	high	DSP	low confidence, single-source evidence
expert	93461.3	0	0	0.594279	0.352123	1	0	high	DSP	low confidence, single-source evidence
expert	159957	0	1	0.592471	0.352085	1	-2.91038e-11	mid	DSP	low confidence, single-source evidence
expert	103669	0	1	0.601008	0.352056	1	0	high	DSP	low confidence, single-source evidence
expert	157163	0	1	0.579237	0.351969	1	0	mid	DSP	low confidence, single-source evidence
expert	149515	0	1	0.588221	0.351807	1	0	mid	DSP	low confidence, single-source evidence
expert	112939	0	2	0.599772	0.351765	1	-1.45519e-11	high	DSP	low confidence, single-source evidence
expert	138304	0	1	0.590819	0.351647	1	0	high	DSP	low confidence, single-source evidence
expert	118197	0	2	0.600224	0.351548	1	0	high	DSP	low confidence, single-source evidence
expert	130261	0	1	0.591032	0.351543	1	0	high	DSP	low confidence, single-source evidence
expert	104277	0	1	0.602536	0.351324	1	0	high	DSP	low confidence, single-source evidence
expert	106752	0	2	0.603567	0.35083	1	0	high	DSP	low confidence, single-source evidence
expert	165824	0	1	0.588774	0.349818	1	0	mid	DSP	low confidence, single-source evidence
expert	162123	0	1	0.58881	0.3498	1	0	low	DSP	low confidence, single-source evidence
expert	163125	0	2	0.598156	0.349322	1	-2.91038e-11	mid	DSP	low confidence, single-source evidence
expert	156939	0	2	0.593327	0.349305	1	0	mid	DSP	low confidence, single-source evidence
expert	30058.7	0	2	0.600057	0.349279	1	-3.63798e-12	high	DSP	low confidence, single-source evidence
expert	111701	0	1	0.605664	0.348934	1	0	high	DSP	low confidence, single-source evidence
expert	113867	0	3	0.598221	0.348719	1	-1.45519e-11	high	DSP	low confidence, single-source evidence
expert	90677.3	0	1	0.601345	0.3487	1	0	high	DSP	low confidence, single-source evidence
expert	148512	0	1	0.581483	0.348487	1	0	mid	DSP	low confidence, single-source evidence
expert	2538.67	0	0	0.625434	0.347847	1	0	mid	DSP	low confidence, single-source evidence
expert	64341.3	0	1	0.563387	0.347715	1	-7.27596e-12	high	DSP	low confidence, single-source evidence
expert	95306.7	0	2	0.583963	0.347576	1	-1.45519e-11	high	DSP	low confidence, single-source evidence
expert	162432	0	2	0.602099	0.347406	1	0	mid	DSP	low confidence, single-source evidence
expert	160875	0	2	0.594661	0.346916	1	0	mid	DSP	low confidence, single-source evidence
expert	129952	0	2	0.591918	0.346895	1	0	high	DSP	low confidence, single-source evidence
expert	132736	0	3	0.600646	0.346851	1	0	high	DSP	low confidence, single-source evidence
expert	40565.3	0	2	0.581501	0.346696	1	-7.27596e-12	high	DSP	low confidence, single-source evidence
expert	75509.3	0	1	0.56563	0.346551	1	0	high	DSP	low confidence, single-source evidence
expert	120363	0	1	0.600382	0.34594	1	-1.45519e-11	high	DSP	low confidence, single-source evidence
expert	73621.3	0	3	0.578311	0.345385	1	0	high	DSP	low confidence, single-source evidence
expert	112320	0	1	0.613589	0.345125	1	0	high	DSP	low confidence, single-source evidence
expert	25728	0	2	0.612344	0.345016	1	0	high	DSP	low confidence, single-source evidence
expert	99328	0	2	0.616137	0.344808	1	0	high	DSP	low confidence, single-source evidence
expert	54794.7	0	0	0.604831	0.34439	1	0	high	DSP	low confidence, single-source evidence
expert	128715	0	1	0.592416	0.344304	1	-1.45519e-11	high	DSP	low confidence, single-source evidence
expert	58506.7	0	3	0.606533	0.343558	1	0	high	DSP	low confidence, single-source evidence
expert	50464	0	1	0.610556	0.343504	1	0	high	DSP	low confidence, single-source evidence
expert	28512	0	1	0.608196	0.343085	1	0	high	DSP	low confidence, single-source evidence
expert	24490.7	0	2	0.616375	0.343074	1	-3.63798e-12	high	DSP	low confidence, single-source evidence
expert	105515	0	1	0.620467	0.342733	1	-1.45519e-11	high	DSP	low confidence, single-source evidence
expert	39946.7	0	2	0.590586	0.342114	1	0	high	DSP	low confidence, single-source evidence
expert	172011	0	0	0.607528	0.341807	1	0	mid	DSP	low confidence, single-source evidence
expert	39637.3	0	1	0.576086	0.341513	1	-7.27596e-12	high	DSP	low confidence, single-source evidence
expert	27584	0	2	0.622067	0.340332	1	0	high	DSP	low confidence, single-source evidence
expert	123147	0	2	0.612001	0.340249	1	-1.45519e-11	high	DSP	low confidence, single-source evidence
expert	177963	0	0	0.619272	0.340198	1	0	mid	DSP	low confidence, single-source evidence
expert	29429.3	0	1	0.622402	0.34017	1	0	high	DSP	low confidence, single-source evidence
expert	140544	0	2	0.619984	0.339798	1	0	mid	DSP	low confidence, single-source evidence
expert	37472	0	2	0.619691	0.339767	1	0	high	DSP	low confidence, single-source evidence
expert	170773	0	2	0.612134	0.339546	1	-2.91038e-11	mid	DSP	low confidence, single-source evidence
expert	133045	0	2	0.615757	0.339476	1	-2.91038e-11	high	DSP	low confidence, single-source evidence
expert	91594.7	0	1	0.612482	0.339176	1	-1.45519e-11	high	DSP	low confidence, single-source evidence
expert	155925	0	1	0.605025	0.339145	1	-2.91038e-11	mid	DSP	low confidence, single-source evidence
expert	107680	0	1	0.620182	0.339034	1	0	high	DSP	low confidence, single-source evidence
expert	133664	0	1	0.610987	0.337453	1	0	high	DSP	low confidence, single-source evidence
expert	76128	0	2	0.595777	0.336487	1	0	high	DSP	low confidence, single-source evidence
expert	22944	0	3	0.631648	0.335716	1	0	high	DSP	low confidence, single-source evidence
expert	161195	0	1	0.6269	0.335354	1	0	mid	DSP	low confidence, single-source evidence
expert	78602.7	0	1	0.598482	0.335109	1	-1.45519e-11	high	DSP	low confidence, single-source evidence
expert	154773	0	2	0.613594	0.334884	1	-2.91038e-11	mid	DSP	low confidence, single-source evidence
expert	26346.7	0	2	0.634827	0.334185	1	-3.63798e-12	high	DSP	low confidence, single-source evidence
expert	143563	0	2	0.622981	0.334161	1	0	mid	DSP	low confidence, single-source evidence
expert	15210.7	0	1	0.637574	0.334132	1	0	mid	DSP	low confidence, single-source evidence
expert	43658.7	0	1	0.606954	0.333858	1	0	high	DSP	low confidence, single-source evidence
expert	174485	0	1	0.624917	0.333271	1	-2.91038e-11	mid	DSP	low confidence, single-source evidence
expert	114176	0	2	0.639076	0.332877	1	0	high	DSP	low confidence, single-source evidence
expert	22634.7	0	2	0.637944	0.332683	1	-3.63798e-12	high	DSP	low confidence, single-source evidence
expert	174795	0	2	0.635352	0.332413	1	0	high	DSP	low confidence, single-source evidence
expert	167371	0	2	0.636399	0.330738	1	0	mid	DSP	low confidence, single-source evidence
expert	151915	0	1	0.631439	0.330632	1	0	mid	DSP	low confidence, single-source evidence
expert	108299	0	2	0.646206	0.330402	1	-1.45519e-11	high	DSP	low confidence, single-source evidence
expert	54485.3	0	1	0.620013	0.330031	1	-7.27596e-12	high	DSP	low confidence, single-source evidence
expert	61248	0	1	0.609085	0.329708	1	0	high	DSP	low confidence, single-source evidence
expert	13973.3	0	1	0.646932	0.329642	1	-1.81899e-12	mid	DSP	low confidence, single-source evidence
expert	99637.3	0	1	0.64786	0.32961	1	0	high	DSP	low confidence, single-source evidence
expert	130571	0	2	0.636083	0.329556	1	-1.45519e-11	high	DSP	low confidence, single-source evidence
expert	163669	0	1	0.64045	0.328769	1	-2.91038e-11	mid	DSP	low confidence, single-source evidence
expert	36245.3	0	1	0.642713	0.328613	1	-7.27596e-12	high	DSP	low confidence, single-source evidence
expert	28202.7	0	2	0.646512	0.328556	1	-3.63798e-12	high	DSP	low confidence, single-source evidence
expert	73002.7	0	1	0.600917	0.328244	1	-1.45519e-11	high	DSP	low confidence, single-source evidence
expert	125312	0	3	0.638218	0.327409	1	0	high	DSP	low confidence, single-source evidence
expert	69909.3	0	1	0.613982	0.327213	1	0	high	DSP	low confidence, single-source evidence
expert	135211	0	3	0.6409	0.327205	1	0	high	DSP	low confidence, single-source evidence
expert	96544	0	2	0.624673	0.32719	1	0	high	DSP	low confidence, single-source evidence
expert	34378.7	0	2	0.646045	0.326999	1	0	high	DSP	low confidence, single-source evidence
expert	93152	0	2	0.646908	0.326628	1	0	high	DSP	low confidence, single-source evidence
expert	102731	0	3	0.647954	0.325557	1	-1.45519e-11	high	DSP	low confidence, single-source evidence
expert	159648	0	0	0.641104	0.324027	1	0	low	DSP	low confidence, single-source evidence
expert	150059	0	1	0.645831	0.323581	1	0	mid	DSP	low confidence, single-source evidence
expert	171083	0	1	0.653715	0.323523	1	0	mid	DSP	low confidence, single-source evidence
expert	175723	0	2	0.645024	0.323402	1	0	mid	DSP	low confidence, single-source evidence
expert	102112	0	1	0.661377	0.323133	1	0	high	DSP	low confidence, single-source evidence
expert	144491	0	1	0.655173	0.322759	1	0	mid	DSP	low confidence, single-source evidence
expert	117579	0	2	0.651895	0.322584	1	-1.45519e-11	high	DSP	low confidence, single-source evidence
expert	139851	0	2	0.646692	0.322521	1	0	mid	DSP	low confidence, single-source evidence
expert	152917	0	1	0.648088	0.322475	1	-2.91038e-11	mid	DSP	low confidence, single-source evidence
expert	48608	0	2	0.629913	0.322277	1	0	high	DSP	low confidence, single-source evidence
expert	71765.3	0	1	0.613896	0.321511	1	0	high	DSP	low confidence, single-source evidence
expert	42112	0	2	0.620605	0.321491	1	0	high	DSP	low confidence, single-source evidence
expert	51082.7	0	1	0.656041	0.321417	1	0	high	DSP	low confidence, single-source evidence
expert	119125	0	2	0.650745	0.321273	1	0	high	DSP	low confidence, single-source evidence
expert	94069.3	0	1	0.633332	0.320162	1	0	high	DSP	low confidence, single-source evidence
expert	62485.3	0	0	0.630986	0.31855	1	-7.27596e-12	high	DSP	low confidence, single-source evidence
expert	105205	0	2	0.663859	0.317838	1	0	high	DSP	low confidence, single-source evidence
expert	113557	0	2	0.670719	0.31767	1	0	high	DSP	low confidence, single-source evidence
expert	100256	0	1	0.664658	0.317451	1	0	high	DSP	low confidence, single-source evidence
expert	24789.3	0	2	0.661099	0.317258	1	0	high	DSP	low confidence, single-source evidence
expert	30677.3	0	2	0.66662	0.31703	1	0	high	DSP	low confidence, single-source evidence
expert	110464	0	1	0.672207	0.316955	1	0	high	DSP	low confidence, single-source evidence
expert	129024	0	2	0.663198	0.316322	1	0	high	DSP	low confidence, single-source evidence
expert	150987	0	1	0.651735	0.315918	1	0	mid	DSP	low confidence, single-source evidence
expert	158400	0	0	0.652679	0.315819	1	0	mid	DSP	low confidence, single-source evidence
expert	13664	0	1	0.668197	0.315264	1	0	mid	DSP	low confidence, single-source evidence
expert	31296	0	2	0.670464	0.315168	1	0	high	DSP	low confidence, single-source evidence
expert	172320	0	2	0.671057	0.315127	1	0	high	DSP	low confidence, single-source evidence
expert	118816	0	3	0.648329	0.315091	1	0	high	DSP	low confidence, single-source evidence
expert	100576	0	2	0.679109	0.314638	1	0	high	DSP	low confidence, single-source evidence
expert	72384	0	3	0.638875	0.314531	1	0	high	DSP	low confidence, single-source evidence
expert	16448	0	2	0.67964	0.313951	1	0	mid	DSP	low confidence, single-source evidence
expert	176032	0	3	0.675452	0.313	1	0	high	DSP	low confidence, single-source evidence
expert	117269	0	1	0.680437	0.313	1	0	high	DSP	low confidence, single-source evidence
expert	109227	0	3	0.680822	0.312815	1	-1.45519e-11	high	DSP	low confidence, single-source evidence
expert	101803	0	0	0.683028	0.31276	1	-1.45519e-11	high	DSP	low confidence, single-source evidence
expert	63104	0	2	0.630901	0.312689	1	0	high	DSP	low confidence, single-source evidence
expert	63722.7	0	3	0.643119	0.312369	1	0	high	DSP	low confidence, single-source evidence
expert	117888	0	1	0.681752	0.312368	1	0	high	DSP	low confidence, single-source evidence
expert	14901.3	0	2	0.674458	0.312221	1	-1.81899e-12	mid	DSP	low confidence, single-source evidence
expert	127787	0	3	0.669266	0.312201	1	-1.45519e-11	high	DSP	low confidence, single-source evidence
expert	29130.7	0	2	0.681072	0.311907	1	-3.63798e-12	high	DSP	low confidence, single-source evidence
expert	116032	0	1	0.683851	0.311359	1	0	high	DSP	low confidence, single-source evidence
expert	24181.3	0	1	0.682811	0.311069	1	0	high	DSP	low confidence, single-source evidence
expert	168608	0	1	0.679558	0.311012	1	0	mid	DSP	low confidence, single-source evidence
expert	34997.3	0	2	0.679267	0.310903	1	-7.27596e-12	high	DSP	low confidence, single-source evidence
expert	39328	0	2	0.679459	0.31081	1	0	high	DSP	low confidence, single-source evidence
expert	122837	0	1	0.672352	0.31069	1	0	high	DSP	low confidence, single-source evidence
expert	81696	0	2	0.636369	0.309852	1	0	high	DSP	low confidence, single-source evidence
expert	135520	0	3	0.676779	0.309694	1	0	high	DSP	low confidence, single-source evidence
expert	11200	0	0	0.680629	0.309222	1	0	low	DSP	low confidence, single-source evidence
expert	7488	0	0	0.684403	0.30869	1	0	mid	DSP	low confidence, single-source evidence
expert	137685	0	2	0.680024	0.30811	1	-2.91038e-11	high	DSP	low confidence, single-source evidence
expert	26037.3	0	1	0.680082	0.307991	1	0	high	DSP	low confidence, single-source evidence
expert	164896	0	2	0.684852	0.307192	1	0	mid	DSP	low confidence, single-source evidence
expert	112011	0	0	0.695952	0.305543	1	-1.45519e-11	high	DSP	low confidence, single-source evidence
expert	155392	0	2	0.683036	0.305353	1	0	mid	DSP	low confidence, single-source evidence
expert	111083	0	1	0.696606	0.305229	1	-1.45519e-11	high	DSP	low confidence, single-source evidence
expert	113248	0	3	0.697031	0.305025	1	0	high	DSP	low confidence, single-source evidence
expert	23562.7	0	3	0.686527	0.304844	1	-3.63798e-12	high	DSP	low confidence, single-source evidence
expert	152213	0	2	0.674472	0.304612	1	-2.91038e-11	mid	DSP	low confidence, single-source evidence
expert	60010.7	0	1	0.660184	0.303676	1	0	high	DSP	low confidence, single-source evidence
expert	70528	0	0	0.648279	0.303673	1	0	high	DSP	low confidence, single-source evidence
expert	169845	0	2	0.697941	0.302112	1	-2.91038e-11	mid	DSP	low confidence, single-source evidence
expert	108608	0	3	0.705572	0.301959	1	0	high	DSP	single-source evidence
expert	173557	0	2	0.698478	0.301852	1	-2.91038e-11	high	DSP	low confidence, single-source evidence
expert	5013.33	0	2	0.694718	0.301353	1	0	mid	DSP	low confidence, single-source evidence
expert	177269	0	2	0.70109	0.300588	1	-2.91038e-11	mid	DSP	single-source evidence
expert	26965.3	0	2	0.70462	0.300564	1	0	high	DSP	single-source evidence
expert	56032	0	2	0.694519	0.300555	1	0	high	DSP	low confidence, single-source evidence
expert	16138.7	0	2	0.699548	0.300027	1	0	mid	DSP	low confidence, single-source evidence
expert	119744	0	1	0.695602	0.299302	1	0	high	DSP	low confidence, single-source evidence
expert	26656	0	3	0.708596	0.298648	1	0	high	DSP	single-source evidence
expert	41504	0	1	0.678898	0.29757	1	0	high	DSP	low confidence, single-source evidence
expert	103349	0	2	0.716172	0.296881	1	0	high	DSP	single-source evidence
expert	115413	0	2	0.717488	0.295194	1	0	high	DSP	single-source evidence
expert	116960	0	2	0.718394	0.294758	1	0	high	DSP	single-source evidence
expert	61866.7	0	1	0.666082	0.294437	1	0	high	DSP	low confidence, single-source evidence
expert	9962.67	0	0	0.707582	0.293666	1	0	low	DSP	single-source evidence
expert	60629.3	0	1	0.672289	0.291217	1	-7.27596e-12	high	DSP	low confidence, single-source evidence
expert	49845.3	0	3	0.720451	0.290138	1	-7.27596e-12	high	DSP	single-source evidence
expert	147275	0	2	0.714047	0.289454	1	0	mid	DSP	single-source evidence
expert	115723	0	3	0.729597	0.289375	1	-1.45519e-11	high	DSP	single-source evidence
expert	46442.7	0	2	0.698918	0.287472	1	0	high	DSP	low confidence, single-source evidence
expert	44586.7	0	1	0.687072	0.287379	1	0	high	DSP	low confidence, single-source evidence
expert	116651	0	1	0.737493	0.28558	1	-1.45519e-11	high	DSP	single-source evidence
expert	112629	0	2	0.730302	0.284407	1	0	high	DSP	single-source evidence
expert	31914.7	0	1	0.741041	0.280974	1	-3.63798e-12	high	DSP	single-source evidence
expert	36853.3	0	2	0.741546	0.28073	1	-7.27596e-12	high	DSP	single-source evidence
expert	118507	0	2	0.747669	0.28069	1	-1.45519e-11	high	DSP	single-source evidence
expert	115104	0	3	0.739572	0.279893	1	0	high	DSP	single-source evidence
expert	147893	0	1	0.75636	0.273764	1	-2.91038e-11	mid	DSP	single-source evidence
expert	123765	0	2	0.737625	0.273333	1	0	high	DSP	single-source evidence
expert	21397.3	0	2	0.781726	0.263419	1	0	high	DSP	single-source evidence
expert	105824	0	2	0.787746	0.26259	1	0	high	DSP	single-source evidence
expert	114485	0	1	0.788	0.261308	1	0	high	DSP	single-source evidence
expert	110155	0	2	0.78181	0.259327	1	-1.45519e-11	high	DSP	single-source evidence
expert	125621	0	2	0.793016	0.25159	1	0	high	DSP	single-source evidence
